Move Number,Score
1,4
5,8
7,16
12,20
17,24
18,28
19,28
21,36
22,40
24,48
28,52
30,60
32,76
33,80
34,80
35,84
37,100
38,108
42,112
44,144
45,148
46,148
47,152
49,160
51,168
52,172
55,188
58,192
60,196
65,200
67,204
68,212
70,220
71,224
73,240
75,244
77,252
79,260
81,276
83,308
84,312
88,316
90,320
92,324
94,388
95,396
96,396
98,400
99,416
102,424
103,428
106,432
108,440
112,444
115,448
117,456
119,460
121,468
123,484
127,488
129,492
131,500
133,532
134,548
136,552
138,560
139,564
141,568
145,572
147,580
151,584
153,616
154,620
155,620
156,628
158,632
160,640
162,656
164,664
165,680
166,684
168,692
169,696
173,700
175,708
179,724
182,788
183,820
184,824
185,832
187,960
189,968
191,972
192,988
194,1020
196,1024
197,1088
199,1092
201,1100
203,1108
205,1124
209,1128
212,1132
214,1140
215,1144
217,1152
219,1168
221,1172
223,1176
225,1184
226,1200
227,1204
228,1204
229,1212
234,1216
236,1220
241,1228
242,1236
245,1268
246,1284
247,1300
248,1300
249,1304
250,1308
251,1308
253,1312
254,1344
255,1352
257,1416
259,1544
260,1548
262,1556
264,1560
268,1564
270,1572
272,1576
274,1832
277,1836
279,1840
281,1848
282,1856
284,1872
286,1904
288,1908
290,1924
291,1928
293,1932
298,1940
299,1944
300,1948
301,1948
303,1952
305,1960
306,1968
308,1984
310,1992
313,1996
315,2000
317,2032
318,2048
322,2052
324,2056
326,2064
327,2072
329,2088
330,2096
332,2100
336,2104
339,2108
341,2116
342,2120
344,2128
346,2144
347,2148
351,2152
354,2156
357,2160
359,2168
367,2172
370,2176
373,2180
375,2184
376,2192
378,2200
381,2204
383,2212
384,2216
386,2220
387,2284
388,2316
389,2332
390,2332
391,2348
392,2356
393,2364
394,2364
396,2396
397,2412
398,2416
400,2424
401,2488
404,2492
406,2620
407,2628
408,2628
409,2644
410,2648
412,2656
413,2688
414,2704
416,2708
418,2712
423,2716
427,2720
429,2728
431,2732
433,2740
434,2756
436,2788
438,2792
440,2800
442,2864
443,2868
446,2872
448,2880
449,2888
452,2904
453,2908
455,2916
456,2920
458,2936
460,2940
463,2944
465,2952
468,2956
470,2964
472,2980
474,3012
477,3016
479,3020
481,3028
484,3032
487,3040
488,3044
491,3048
492,3056
496,3060
497,3076
498,3080
500,3112
504,3116
505,3120
507,3128
510,3136
511,3140
514,3144
516,3152
518,3168
520,3172
522,3176
524,3208
526,3216
528,3220
529,3224
533,3228
535,3236
536,3240
538,3256
539,3264
541,3280
543,3284
545,3288
549,3352
550,3360
552,3376
554,3380
556,3508
557,3512
558,3512
560,3520
562,3528
564,3544
566,3548
568,3580
569,3584
570,3584
572,3588
573,3596
575,3852
576,3916
577,3924
579,3940
581,3972
583,3980
585,3984
587,4496
589,4500
591,4508
593,4512
597,4516
601,4520
603,4524
604,4532
606,4540
608,4556
610,4560
611,4564
613,4572
614,4576
616,4592
620,4596
622,4600
624,4604
626,4608
628,4616
630,4632
631,4640
633,4672
634,4688
635,4688
636,4696
638,4700
641,4704
643,4712
645,4720
646,4724
651,4732
652,4740
654,4756
655,4760
657,4792
659,4856
663,4860
665,4988
667,4992
669,4996
670,5000
672,5008
676,5012
678,5020
680,5036
681,5052
682,5056
683,5056
685,5088
687,5092
690,5096
692,5100
694,5108
696,5112
699,5116
701,5124
703,5128
705,5136
706,5140
708,5148
710,5164
714,5196
715,5260
716,5264
717,5264
720,5272
722,5276
724,5280
726,5288
727,5292
729,5308
731,5312
735,5320
736,5324
739,5332
741,5348
743,5380
745,5384
747,5392
750,5396
752,5400
755,5464
756,5480
757,5488
758,5492
760,5496
762,5500
764,5508
774,5512
776,5520
777,5524
779,5540
780,5548
782,5564
787,5568
789,5572
790,5700
791,5708
792,5708
793,5740
794,5772
795,5772
796,5788
797,5796
799,5804
800,5808
801,5808
802,5816
804,5824
806,5828
807,5844
808,5908
810,5912
812,5916
814,5924
815,5940
817,5948
821,5980
823,5984
824,5988
827,5992
829,6000
830,6004
831,6004
833,6020
837,6024
839,6028
841,6036
842,6044
845,6060
846,6064
851,6072
852,6076
854,6080
856,6088
859,6092
861,6096
863,6112
865,6144
866,6152
867,6156
869,6220
870,6224
871,6228
873,6236
877,6240
880,6248
882,6252
884,6260
887,6264
889,6268
892,6272
894,6280
896,6296
898,6300
902,6304
904,6312
909,6316
910,6320
911,6320
912,6576
913,6704
914,6736
915,6736
916,6752
917,6760
919,6768
921,6784
923,6788
925,6796
927,6800
930,6832
931,6836
932,6836
933,6852
935,6860
936,6868
937,6868
938,6884
940,6900
942,6904
943,6908
946,6912
948,6920
950,6936
952,6940
953,6972
956,6976
959,6980
961,6988
963,6992
966,6996
970,7004
971,7068
973,7076
974,7080
976,7084
980,7100
981,7104
983,7108
984,7116
986,7132
988,7164
989,7172
990,7176
991,7176
993,7180
997,7184
999,7188
1001,7196
1003,7200
1005,7208
1008,7212
1010,7216
1013,7220
1015,7228
1017,7244
1018,7248
1019,7248
1023,7252
1025,7260
1026,7264
1028,7268
1029,7276
1031,7284
1033,7300
1034,7304
1035,7304
1037,7312
1041,7316
1044,7320
1050,7328
1052,7344
1054,7376
1055,7380
1056,7380
1059,7384
1061,7388
1063,7396
1065,7404
1066,7436
1067,7452
1068,7516
1070,7548
1071,7552
1072,7552
1073,7560
1074,7564
1076,7572
1077,7636
1079,7640
1081,7768
1083,8024
1084,8032
1085,8048
1087,8560
1089,8576
1090,8608
1092,8612
1094,8620
1097,9644
1099,9652
1100,9656
1103,9660
1105,9668
1106,9672
1107,9688
1109,9696
1112,9700
1114,9716
1116,9780
1117,9812
1118,9820
1121,9824
1123,9828
1126,9956
1127,9972
1128,9972
1129,9976
1132,9980
1134,9988
1135,9992
1138,10000
1139,10016
1141,10020
1143,10024
1145,10032
1150,10036
1151,10040
1153,10048
1154,10052
1156,10084
1158,10092
1161,10108
1162,10112
1163,10176
1164,10176
1168,10180
1170,10184
1172,10192
1173,10196
1175,10204
1177,10208
1178,10224
1180,10256
1181,10264
1183,10280
1185,10284
1189,10288
1190,10292
1195,10296
1196,10304
1197,10308
1201,10312
1203,10320
1204,10324
1206,10340
1207,10348
1209,10352
1211,10360
1212,10368
1214,10372
1217,10404
1219,10408
1221,10416
1223,10432
1228,10436
1230,10440
1231,10448
1233,10464
1235,10468
1236,10500
1238,10508
1239,10572
1241,10588
1242,10716
1246,10720
1248,10724
1251,10728
1252,10736
1253,10740
1254,10748
1256,10764
1257,10772
1261,10776
1264,10780
1266,10784
1268,10788
1270,10796
1272,10812
1273,10816
1275,10824
1277,10856
1280,10860
1284,10864
1286,10872
1289,10876
1292,10880
1296,10888
1298,10904
1300,10908
1305,10912
1307,10920
1309,10924
1312,10928
1313,10932
1314,10932
1315,10940
1316,11004
1317,11020
1318,11020
1319,11276
1320,11284
1321,11284
1322,11288
1323,11292
1324,11292
1326,11324
1327,11332
1330,11340
1332,11348
1333,11364
1334,11364
1335,11372
1338,11404
1339,11420
1340,11424
1342,11456
1344,11460
1347,11464
1351,11468
1353,11472
1355,11480
1357,11484
1359,11488
1361,11496
1363,11504
1365,11520
1368,11524
1372,11528
1374,11536
1375,11540
1378,11544
1380,11548
1381,11556
1383,11564
1385,11580
1386,11584
1390,11588
1391,11604
1392,11668
1393,11700
1395,11708
1398,11712
1400,11720
1402,11724
1408,11728
1411,11736
1413,11740
1414,11756
1416,11760
1419,11764
1421,11768
1425,11772
1427,11780
1429,11784
1430,11800
1431,11800
1433,11808
1436,11812
1438,11816
1439,11944
1440,11952
1441,11952
1442,11968
1443,12000
1444,12000
1445,12004
1446,12012
1447,12012
1450,12016
1451,12024
1453,12088
1456,12092
1459,12096
1461,12104
1463,12136
1464,12152
1466,12216
1468,12220
1470,12236
1471,12240
1474,12248
1475,12256
1476,12264
1478,12280
1480,12284
1482,12288
1484,12296
1487,12300
1488,12316
1489,12332
1491,12364
1493,12368
1495,12372
1497,12376
1499,12384
1503,12388
1505,12392
1506,12400
1508,12408
1509,12424
1511,12456
1513,12460
1515,12464
1517,12528
1518,12536
1519,12544
1520,12544
1522,12548
1525,12552
1527,12568
1528,12696
1530,12700
1537,12704
1539,12712
1540,12716
1542,12720
1543,12728
1545,12736
1547,12740
1549,12744
1551,12748
1554,12752
1556,12760
1558,12776
1560,12792
1562,12796
1563,12828
1565,12836
1566,12840
1568,12844
1572,12848
1575,12852
1577,12860
1579,12864
1581,12872
1582,12876
1584,12892
1585,12900
1587,12904
1592,12908
1593,12916
1594,13172
1596,13188
1598,13220
1599,13224
1602,13228
1604,13232
1605,13296
1606,13808
1607,13824
1608,13824
1609,13828
1611,13860
1612,13868
1615,13872
1617,13880
1619,13884
1622,13888
1624,13892
1625,13900
1627,13916
1631,13920
1633,13928
1635,13944
1636,13948
1638,13980
1639,13988
1641,14052
1642,14056
1643,14056
1646,14060
1648,14064
1649,14072
1651,14076
1653,14084
1655,14100
1659,14104
1661,14108
1662,14140
1663,14268
1665,14276
1667,14280
1668,14284
1670,14292
1673,14296
1677,14300
1679,14308
1680,14312
1682,14328
1686,14336
1687,14340
1689,14344
1691,14352
1693,14360
1694,14364
1696,14380
1698,14412
1699,14416
1702,14480
1704,14484
1706,14612
1709,14616
1711,14624
1713,14628
1715,14632
1717,14888
1718,14904
1719,14912
1720,14912
1721,14916
1723,14948
1725,14956
1731,14960
1732,14964
1733,14964
1734,14980
1735,14996
1736,14996
1737,15000
1739,15008
1741,15012
1743,15020
1744,15052
1746,15056
1748,15064
1750,15068
1752,15072
1756,15076
1757,15080
1759,15088
1762,15092
1764,15108
1766,15112
1771,15116
1775,15124
1776,15128
1778,15132
1780,15140
1782,15156
1783,15160
1785,15164
1786,15228
1788,15236
1791,15240
1794,15272
1795,15280
1796,15280
1797,15288
1798,15292
1800,15308
1802,15316
1805,15320
1807,15336
1808,15340
1809,15340
1812,15344
1814,15352
1817,15356
1819,15360
1821,15368
1822,15376
1824,15408
1825,15424
1826,15428
1828,15436
1830,15452
1832,15516
1833,15548
1834,15548
1835,15552
1837,15556
1839,15564
1840,15692
1842,15708
1843,15712
1845,15720
1847,15724
1852,15728
1854,15732
1856,15740
1858,15744
1861,15748
1863,15752
1864,15760
1866,15768
1867,15784
1871,15788
1875,15792
1877,15800
1878,15804
1880,15808
1884,15812
1886,15820
1889,15824
1891,15832
1893,15836
1900,15840
1902,15844
1903,15852
1905,15856
1906,15872
1910,15880
1913,15884
1915,15888
1918,15892
1920,15900
1922,15904
1923,15920
1924,15920
1927,15924
1929,15932
1931,15948
1932,15952
1933,15952
1934,15956
1935,15972
1936,15988
1937,15988
1938,16020
1939,16052
1940,16052
1941,16060
1943,16068
1944,16076
1945,16108
1946,16172
1948,16188
1950,16192
1952,16200
1953,16204
1955,16236
1959,16240
1961,16256
1963,16260
1965,16264
1966,16272
1969,16280
1971,16284
1975,16288
1977,16296
1978,16300
1980,16316
1981,16320
1983,16352
1985,16416
1986,16424
1989,16552
1990,16556
1993,16560
1995,16564
1998,16580
2000,16584
2005,16592
2006,16596
2008,16600
2009,16608
2011,16612
2013,16620
2015,16636
2016,16640
2018,16648
2019,16680
2020,16680
2022,16684
2027,16688
2029,16696
2031,16700
2032,16764
2033,16768
2034,16768
2035,16784
2037,16792
2038,16796
2040,16804
2042,16820
2044,16852
2045,16860
2046,16864
2047,16864
2049,16872
2051,16876
2054,16880
2057,16896
2058,16904
2059,16904
2061,16908
2063,16912
2067,16916
2069,16924
2071,16940
2073,16972
2074,16976
2076,16984
2081,16988
2083,16996
2084,17000
2086,17016
2087,17024
2088,17028
2093,17032
2096,17036
2098,17040
2100,17048
2103,17052
2107,17056
2109,17064
2111,17080
2113,17084
2115,17088
2117,17096
2118,17104
2120,17108
2121,17124
2125,17128
2127,17132
2129,17140
2133,17144
2135,17208
2136,17212
2137,17212
2138,17220
2139,17252
2140,17260
2141,17264
2143,17280
2144,17296
2147,17300
2148,17332
2149,17336
2151,17344
2153,17408
2154,17416
2158,17420
2159,17548
2161,17804
2162,17808
2164,18320
2165,18336
2167,19360
2169,21408
2171,21412
2172,21416
2174,21424
2176,21440
2178,21448
2179,21452
2181,21456
2182,21488
2184,21552
2185,21560
2188,21564
2190,21572
2193,21576
2194,21592
2196,21596
2200,21600
2203,21608
2205,21612
2207,21620
2208,21624
2210,21640
2211,21648
2213,21652
2217,21656
2218,21688
2219,21816
2221,21824
2222,21828
2224,21844
2226,21848
2228,21852
2231,21856
2234,22112
2235,22144
2236,22144
2237,22152
2238,22160
2239,22160
2242,22164
2243,22180
2244,22184
2246,22192
2248,22208
2250,22212
2253,22216
2256,22224
2257,22228
2259,22232
2260,22240
2268,22244
2270,22248
2274,22252
2276,22260
2278,22264
2280,22272
2284,22276
2286,22280
2288,22288
2290,22304
2292,22308
2296,22312
2298,22316
2302,22320
2303,22324
2304,22324
2305,22332
2306,22396
2307,22412
2308,22412
2309,22420
2311,22452
2313,22460
2314,22476
2315,22508
2316,22512
2318,22516
2320,22520
2321,22528
2324,22536
2326,22552
2327,22616
2328,22620
2331,22748
2336,22752
2338,22756
2339,22760
2340,22760
2341,22792
2342,22796
2344,22804
2346,22812
2347,22820
2349,22836
2351,22840
2353,22856
2354,22860
2356,22864
2357,22872
2359,22880
2361,22884
2364,22888
2366,22896
2368,22912
2369,22916
2371,22948
2374,22952
2377,22956
2379,22964
2381,22968
2384,22972
2386,22980
2388,22984
2391,23048
2392,23064
2393,23072
2394,23076
2396,23092
2398,23100
2400,23132
2403,23136
2405,23144
2408,23148
2412,23164
2413,23168
2414,23168
2415,23172
2418,23176
2421,23180
2424,23184
2426,23192
2428,23200
2430,23204
2432,23212
2434,23216
2436,23224
2438,23240
2439,23256
2440,23260
2442,23292
2443,23296
2444,23296
2448,23300
2450,23364
2452,23492
2453,23500
2454,23500
2456,23756
2457,23760
2458,23764
2460,23772
2462,23788
2465,23792
2467,23796
2469,23800
2473,23804
2475,23812
2477,23816
2479,23824
2481,23828
2483,23836
2485,23840
2487,23844
2490,24356
2491,24388
2492,24404
2493,24404
2494,24412
2496,24416
2497,24424
2500,24428
2502,24432
2503,24448
2504,24448
2505,24456
2506,24488
2508,24504
2510,24536
2511,24540
2513,24604
2514,24612
2519,24616
2521,24620
2524,24624
2526,24632
2528,24636
2530,24640
2532,24648
2534,24656
2536,24672
2539,24676
2541,24680
2543,24684
2546,24700
2547,24708
2549,24712
2551,24720
2555,24724
2557,24732
2558,24736
2563,24740
2565,24744
2567,24752
2568,24760
2570,24776
2572,24792
2573,24796
2575,24800
2576,24832
2577,24840
2579,24856
2581,24920
2582,24924
2583,24956
2585,24960
2588,24964
2590,24972
2592,24976
2596,24980
2598,24988
2599,24996
2604,25000
2606,25004
2607,25020
2608,25148
2609,25156
2610,25156
2611,25160
2614,25164
2617,25168
2619,25176
2621,25192
2622,25208
2625,25212
2627,25216
2629,25224
2630,25228
2632,25260
2633,25268
2637,25272
2640,25276
2642,25280
2644,25288
2645,25292
2647,25308
2648,25372
2649,25380
2651,25388
2656,25392
2659,25396
2660,25428
2662,25432
2664,25440
2665,25448
2666,25452
2668,25468
2673,25472
2675,25480
2677,25484
2680,25488
2683,25492
2684,25524
2685,25528
2686,25532
2688,25540
2690,25556
2691,25564
2692,25572
2693,25572
2694,25576
2696,25592
2700,25600
2703,25616
2704,25620
2706,25652
2707,25656
2709,25664
2711,25668
2712,25684
2716,25688
2717,25752
2720,25756
2722,25764
2724,25892
2725,25896
2727,25904
2728,25908
2730,25912
2732,25928
2733,25936
2734,25936
2735,25940
2736,26196
2738,26212
2740,26244
2742,26308
2744,26312
2746,26320
2750,26324
2751,26328
2753,26332
2756,26336
2759,26340
2761,26348
2762,26356
2764,26372
2766,26376
2768,26380
2771,26412
2774,26420
2775,26424
2776,26424
2779,26428
2780,26432
2782,26440
2785,26456
2786,26464
2787,26468
2789,26500
2791,26504
2795,26508
2797,26516
2799,26580
2800,26596
2801,26596
2804,26600
2806,26608
2807,26612
2813,26616
2815,26624
2817,26628
2820,26632
2823,26636
2826,26640
2828,26648
2830,26664
2832,26668
2834,26672
2836,26680
2838,26684
2839,26700
2841,26708
2843,26724
2844,26728
2847,26732
2849,26740
2851,26744
2853,26752
2857,26756
2861,26760
2863,26764
2866,26768
2867,26772
2868,26772
2869,26900
2870,26932
2871,26932
2872,26948
2873,26956
2874,26964
2875,26968
2876,26968
2880,26972
2882,26976
2885,26980
2887,26988
2889,26992
2891,27000
2892,27008
2894,27024
2896,27056
2898,27120
2899,27124
2901,27132
2902,27136
2904,27152
2905,27184
2909,27188
2911,27192
2913,27200
2914,27204
2917,27212
2919,27216
2921,27220
2925,27228
2926,27232
2928,27248
2930,27252
2932,27284
2933,27288
2934,27288
2937,27296
2938,27300
2940,27304
2942,27312
2944,27316
2948,27320
2951,27324
2953,27332
2955,27348
2957,27352
2959,27360
2961,27376
2962,27380
2965,27384
2967,27388
2970,27392
2974,27456
2975,27464
2977,27480
2978,27484
2979,27516
2980,27516
2981,27524
2983,27528
2984,27656
2985,27664
2987,27672
2988,27688
2989,27688
2990,27692
2992,27708
2993,27712
2994,27712
2995,27968
2997,28480
2998,28512
2999,28520
3000,28520
3001,28528
3006,28532
3009,28536
3012,28540
3014,28548
3015,28552
3017,28560
3019,28564
3020,28580
3022,28588
3024,29612
3026,29616
3029,29632
3030,29664
3031,29668
3033,29672
3036,29676
3039,29684
3041,29688
3045,29692
3047,29700
3050,29704
3052,29708
3053,29716
3054,29716
3055,29732
3056,29748
3057,29748
3058,29812
3059,29820
3060,29820
3061,29824
3064,29828
3067,29832
3068,29864
3069,29872
3073,29936
3074,29940
3076,29944
3077,29952
3079,29968
3082,29972
3084,29976
3087,29984
3088,29992
3089,29992
3090,30120
3092,30136
3095,30168
3097,30172
3099,30176
3101,30180
3103,30188
3105,30192
3108,30196
3110,30204
3114,30208
3117,30212
3120,30216
3122,30224
3123,30228
3125,30244
3126,30260
3127,30260
3128,30268
3130,30300
3133,30304
3135,30312
3136,30316
3138,30324
3139,30340
3142,30344
3144,30348
3147,30352
3149,30360
3152,30364
3154,30372
3156,30388
3157,30392
3159,30396
3163,30404
3164,30408
3166,30416
3168,30432
3170,30436
3172,30440
3174,30444
3178,30448
3180,30456
3181,30460
3186,30464
3188,30468
3190,30476
3192,30492
3193,30496
3195,30528
3196,30536
3200,30540
3202,30544
3203,30552
3206,30556
3208,30572
3209,30636
3210,30644
3211,30644
3212,30660
3214,30664
3216,30696
3217,30728
3219,30736
3220,30740
3222,30744
3224,30752
3228,30756
3231,30760
3233,30764
3235,30768
3236,30776
3241,30792
3243,30796
3244,30800
3246,30808
3247,30816
3249,30832
3250,30848
3251,30852
3253,30860
3255,30864
3257,30872
3262,30880
3265,30884
3267,30888
3269,30896
3272,30900
3274,30904
3277,30908
3279,30912
3281,30920
3283,30936
3284,30944
3286,30976
3287,30992
3289,30996
3291,31000
3293,31064
3294,31072
3298,31104
3299,31120
3300,31124
3303,31128
3305,31136
3306,31140
3310,31144
3311,31208
3312,31240
3313,31256
3314,31256
3315,31264
3317,31272
3318,31400
3320,31404
3322,31408
3325,31412
3327,31416
3333,31420
3335,31428
3338,31432
3341,31436
3342,31444
3343,31700
3344,31716
3345,31716
3346,31724
3347,31728
3349,31744
3350,31776
3351,31784
3353,31848
3354,31880
3355,31880
3356,31884
3358,31888
3359,31896
3361,31912
3364,31916
3365,31924
3367,31932
3369,31948
3371,31952
3372,31956
3376,31960
3378,31968
3380,31976
3382,31992
3384,31996
3387,32000
3388,32008
3391,32012
3394,32016
3396,32024
3397,32028
3399,32044
3401,32076
3403,32140
3405,32144
3407,32152
3408,32156
3410,32160
3413,32288
3415,32292
3417,32300
3419,32316
3421,32320
3423,32324
3427,32332
3428,32364
3429,32368
3430,32368
3432,32376
3433,32380
3437,32384
3439,32392
3441,32396
3442,32400
3444,32416
3447,32420
3449,32424
3453,32432
3457,32436
3459,32444
3461,32448
3463,32456
3465,32472
3467,32476
3470,32484
3473,32488
3475,32496
3478,32528
3479,32544
3480,32548
3482,32552
3483,32560
3486,32564
3489,32568
3490,32576
3492,32592
3493,32600
3495,32664
3497,32792
3498,32800
3499,32816
3501,33072
3504,33076
3506,33084
3507,33088
3508,33600
3510,33604
3512,33620
3514,33624
3516,33628
3517,33636
3521,33640
3523,33644
3525,33676
3526,33684
3529,33688
3531,33692
3533,33696
3537,33704
3538,33712
3539,33716
3541,33732
3542,33748
3544,33752
3545,33784
3546,33784
3549,33788
3551,33796
3556,33804
3557,33868
3558,33872
3559,33872
3560,33876
3562,33892
3564,33924
3566,33928
3568,33992
3569,33996
3570,34004
3572,34012
3575,34016
3577,34024
3579,34028
3582,34032
3584,34048
3585,34056
3586,34056
3588,34072
3589,34076
3591,34080
3593,34088
3595,34092
3597,34124
3600,34132
3602,34148
3603,34152
3605,34156
3606,34188
3608,34196
3611,34200
3613,34204
3617,34208
3619,34212
3620,34220
3622,34228
3624,34244
3625,34248
3627,34256
3628,34272
3630,34276
3632,34284
3636,34288
3640,34292
3642,34296
3645,34300
3648,34304
3650,34312
3652,34328
3654,34332
3656,34340
3658,34344
3662,34348
3664,34380
3665,34396
3666,34396
3667,34404
3668,34408
3670,34416
3672,34420
3673,34436
3675,34500
3676,34532
3677,34540
3678,34544
3680,34672
3681,34688
3682,34696
3685,34700
3686,34704
3688,34712
3693,34776
3694,34808
3696,34936
3697,34940
3699,34948
3701,34964
3703,34968
3707,34972
3709,34980
3711,34984
3713,34988
3714,34996
3720,35000
3722,35008
3723,35012
3726,35016
3730,35020
3733,35024
3735,35032
3737,35048
3739,35052
3741,35060
3743,35064
3745,35072
3747,35088
3749,35120
3750,35124
3751,35124
3754,35128
3756,35136
3758,35140
3761,35144
3762,35400
3763,35416
3764,35424
3765,35432
3766,35432
3767,35436
3768,35440
3769,35440
3771,35448
3773,35464
3774,35496
3775,35512
3776,35520
3778,35552
3779,35616
3780,35632
3783,35664
3784,35668
3786,35732
3787,35740
3791,35744
3794,35872
3795,35880
3796,35880
3797,35888
3798,35892
3799,35892
3801,35908
3802,35912
3805,35920
3807,35924
3810,35928
3813,35932
3815,35940
3817,35956
3818,35964
3820,35996
3823,36000
3825,36008
3828,36012
3830,36016
3832,36024
3836,36028
3839,36044
3840,36048
3841,36052
3843,36060
3845,36076
3846,36084
3849,36100
3853,36104
3855,36108
3856,36116
3860,36120
3862,36124
3863,36132
3864,36164
3865,36168
3867,36176
3868,36184
3870,36188
3873,36204
3875,36208
3877,36212
3881,36220
3884,36224
3886,36232
3888,36236
3890,36252
3892,36256
3894,36264
3896,36272
3897,36276
3900,36280
3904,36284
3905,36292
3906,36308
3908,36316
3909,36348
3911,36412
3913,36416
3916,36420
3917,36436
3921,36440
3923,36444
3925,36452
3930,36456
3932,36460
3935,36464
3937,36472
3939,36488
3940,36492
3941,36492
3943,36500
3944,36532
3945,36564
3946,36564
3947,36572
3948,36576
3950,36592
3951,36656
3952,36664
3955,36668
3957,36676
3959,36680
3961,36696
3964,36704
3966,36708
3967,36712
3969,36720
3971,36728
3972,36732
3974,36748
3977,36752
3980,36756
3983,36764
3985,36796
3986,36812
3987,36816
3989,36824
3991,36888
3992,36892
3994,37020
3996,37276
3997,37280
3999,37792
4000,37800
4001,37800
4002,37816
4004,38840
4006,38848
4007,38852
4009,38868
4011,38900
4015,40948
4017,45044
4019,45048
4020,45112
4021,45116
4023,45120
4024,45128
4025,45128
4028,45132
4032,45136
4034,45144
4036,45148
4038,45156
4040,45160
4042,45164
4044,45172
4045,45188
4046,45188
4047,45220
4049,45236
4050,45244
4053,45260
4054,45264
4057,45272
4059,45276
4061,45280
4062,45312
4064,45320
4066,45328
4067,45392
4069,45408
4071,45412
4075,45416
4077,45420
4079,45548
4080,45580
4081,45580
4082,45584
4084,45592
4086,45608
4089,45612
4090,45620
4093,45628
4094,45636
4095,45636
4096,45640
4098,45656
4100,45660
4103,45664
4106,45668
4108,45676
4110,45708
4113,45712
4115,45720
4117,45724
4119,45732
4120,45736
4121,45752
4122,45752
4124,45816
4126,45944
4127,45948
4131,45952
4133,45960
4135,45964
4136,45980
4139,45984
4141,45992
4144,46248
4145,46256
4147,46272
4148,46276
4150,46280
4152,46284
4153,46292
4155,46308
4157,46340
4160,46344
4162,46348
4163,46356
4166,46360
4169,46364
4170,46372
4172,46376
4175,46380
4179,46388
4180,46392
4182,46400
4183,46404
4185,46420
4187,46452
4188,46460
4189,46460
4191,46524
4193,46528
4196,46532
4198,46536
4200,46544
4202,46548
4205,46564
4206,46568
4211,46572
4213,46576
4215,46580
4216,46588
4218,46596
4219,46612
4221,46620
4223,46636
4225,46668
4226,46672
4228,46676
4230,46684
4233,46688
4238,46692
4240,46696
4242,46704
4245,46712
4246,46744
4247,46748
4248,46748
4250,46764
4251,46772
4253,46788
4255,46792
4258,46800
4262,46804
4264,46808
4265,46812
4267,46820
4270,46836
4272,46840
4274,46848
4276,46852
4278,46856
4281,46864
4285,46868
4287,46876
4289,46892
4290,46896
4294,46900
4296,46904
4299,46908
4301,46916
4303,46920
4305,46928
4307,46944
4309,46948
4312,46952
4314,46956
4316,46960
4317,46968
4320,46972
4323,46980
4324,47012
4325,47076
4326,47108
4327,47108
4328,47124
4330,47156
4331,47164
4333,47172
4334,47176
4336,47240
4337,47256
4339,47260
4341,47264
4342,47272
4343,47400
4346,47408
4347,47412
4351,47416
4353,47420
4357,47436
4358,47444
4361,47460
4363,47468
4364,47472
4366,47476
4368,47484
4369,47488
4371,47492
4372,47500
4378,47504
4381,47508
4382,47540
4383,47544
4385,47552
4386,47560
4387,47560
4389,47564
4390,47580
4392,47612
4394,47676
4395,47680
4397,47688
4399,47692
4401,47696
4404,47824
4405,47832
4407,47836
4409,47852
4410,47856
4411,47872
4414,47876
4415,48132
4417,48140
4419,48156
4422,48160
4424,48164
4425,48172
4427,48188
4428,48192
4431,48196
4434,48200
4436,48204
4437,48212
4439,48220
4441,48224
4444,48736
4445,48768
4446,48776
4447,48780
4449,48796
4452,48860
4454,48864
4456,48896
4457,48904
4459,48908
4461,48916
4462,48932
4463,48936
4465,48968
4467,48976
4470,48980
4474,48984
4475,48992
4478,49000
4479,49004
4480,49020
4483,49024
4485,49028
4487,49032
4489,49040
4491,49056
4493,49064
4496,49068
4499,49076
4502,49080
4503,49084
4505,49092
4507,49108
4509,49112
4515,49116
4516,49132
4517,49164
4519,49172
4520,49176
4522,49184
4524,49248
4525,49256
4527,49260
4530,49264
4532,49272
4534,49276
4535,49292
4539,49296
4541,49300
4543,49308
4544,49316
4545,49316
4547,49332
4549,49364
4550,49368
4552,49376
4554,49380
4558,49384
4560,49388
4563,49396
4568,49400
4570,49408
4572,49412
4574,49416
4576,49424
4578,49440
4582,49444
4585,49448
4588,49452
4589,49460
4590,49588
4591,49604
4592,49604
4593,49612
4594,49616
4596,49624
4597,49656
4599,49672
4601,49704
4602,49768
4605,49772
4607,49776
4608,49840
4610,49844
4611,49848
4613,49856
4615,49872
4617,49904
4618,49920
4622,49924
4623,49928
4625,49936
4628,49944
4629,49948
4631,49956
4632,49964
4634,49980
4635,49984
4637,49988
4639,49992
4643,49996
4646,50000
4647,50008
4649,50016
4651,50032
4653,50064
4655,50128
4657,50256
4658,50260
4659,50260
4662,50264
4664,50272
4666,50288
4667,50296
4671,50300
4673,50556
4674,50560
4676,50568
4677,50576
4678,50584
4680,50588
4681,50604
4682,50620
4684,50652
4685,50684
4686,50684
4688,50748
4690,50752
4694,50880
4695,50888
4696,50888
4697,50892
4699,50900
4700,50904
4702,50920
4703,50924
4706,50932
4707,50936
4710,50944
4711,50948
4713,50964
4716,50968
4718,50972
4720,50980
4721,50988
4723,51004
4726,51008
4729,51012
4733,51016
4735,51048
4736,51056
4737,51056
4739,51060
4741,51064
4743,51072
4745,51088
4747,51092
4748,51124
4750,51132
4752,51136
4755,51140
4758,51144
4760,51148
4761,51156
4763,51164
4765,51180
4768,51184
4769,51188
4774,51192
4776,51200
4778,51216
4779,51220
4780,51220
4782,51224
4784,51232
4787,51236
4789,51244
4790,51252
4792,51268
4794,51300
4796,51364
4798,51368
4800,51372
4801,51380
4803,51396
4804,51400
4805,51400
4810,51404
4812,51412
4813,51416
4815,51420
4817,51428
4821,51432
4823,51440
4825,51456
4827,51488
4829,51492
4831,51496
4834,51500
4836,51508
4839,51512
4842,51516
4844,51520
4846,51528
4849,51532
4851,51596
4852,51612
4853,51612
4854,51620
4855,51628
4856,51628
4857,51632
4859,51640
4860,51656
4862,51672
4864,51704
4865,51708
4867,51712
4869,51716
4872,51724
4873,51728
4876,51736
4880,51768
4881,51784
4882,51788
4884,51852
4886,51980
4888,52236
4889,52240
4891,52752
4892,52760
4894,52764
4896,53788
4897,53796
4900,53804
4903,53808
4905,53812
4907,53820
4908,53836
4909,53840
4911,53848
4913,53864
4915,53868
4916,53900
4919,53904
4921,53912
4924,53916
4926,53924
4927,53928
4930,53944
4932,53948
4934,53956
4935,53960
4937,53976
4940,53980
4945,53984
4947,53988
4949,53996
4950,54004
4953,54008
4956,54012
4957,54016
4959,54024
4960,54028
4962,54044
4963,54052
4965,54060
4968,54064
4972,54096
4974,54104
4975,54108
4977,54124
4979,54156
4980,54160
4984,54164
4986,54172
4988,54180
4991,54196
4992,54200
4993,54200
4994,54204
4999,54208
5001,54212
5002,54276
5003,54308
5004,54316
5005,54320
5007,54336
5008,54344
5011,54348
5015,54352
5017,54360
5019,54364
5021,54368
5025,54372
5027,54380
5029,54384
5030,54400
5032,54408
5035,54412
5038,54416
5041,54420
5044,54424
5046,54432
5048,54448
5052,54576
5053,54584
5054,54588
5056,54592
5057,54608
5058,54616
5060,54624
5062,54640
5063,54644
5065,54676
5067,54680
5069,54688
5071,54692
5074,54696
5076,54704
5077,54708
5079,54772
5080,54788
5081,54820
5083,54824
5084,54856
5086,54864
5089,54868
5091,54872
5094,54880
5095,54884
5096,54884
5097,54888
5099,54896
5101,54912
5102,54916
5104,54924
5105,54988
5107,55116
5110,55120
5112,55124
5114,55132
5119,55136
5121,55140
5122,55148
5124,55152
5127,55156
5129,55164
5130,55168
5132,55184
5134,55188
5136,55196
5140,55200
5143,55204
5145,55212
5147,55216
5148,55232
5150,55240
5152,55244
5155,55248
5157,55256
5162,55260
5164,55268
5166,55284
5167,55288
5169,55320
5171,55324
5175,55328
5177,55344
5178,55348
5179,55348
5180,55604
5181,55620
5182,55628
5183,55636
5184,55636
5185,55640
5186,55644
5187,55644
5189,55676
5190,55692
5191,55692
5192,55700
5194,55704
5196,55712
5200,55720
5202,55736
5204,55740
5206,55804
5207,55808
5209,55812
5213,55816
5215,55824
5216,55856
5218,55872
5219,55880
5223,55884
5226,55888
5228,55892
5230,55896
5232,55904
5234,55908
5236,55972
5237,55980
5239,55996
5240,56004
5242,56020
5243,56052
5244,56056
5248,56060
5250,56064
5252,56068
5254,56076
5256,56108
5257,56116
5258,56116
5260,56120
5264,56128
5265,56132
5267,56148
5268,56156
5270,56188
5271,56204
5272,56208
5274,56216
5277,56220
5279,56224
5282,56228
5284,56232
5286,56240
5288,56244
5291,56248
5293,56256
5294,56264
5296,56280
5301,56284
5307,56288
5309,56296
5311,56312
5312,56316
5314,56320
5315,56352
5316,56416
5317,56432
5318,56436
5320,56444
5321,56508
5322,56512
5324,56544
5326,56548
5328,56556
5333,56560
5335,56568
5338,56572
5340,56580
5342,56584
5344,56592
5346,56608
5347,56612
5349,56616
5356,56632
5357,56636
5358,56636
5359,56764
5360,56768
5361,56776
5362,56780
5363,56784
5364,56784
5367,56788
5369,56796
5370,56804
5371,56820
5372,56828
5375,56844
5376,56848
5378,56852
5379,56884
5381,56948
5382,56956
5384,56972
5385,57100
5387,57132
5389,57388
5390,57396
5391,57400
5396,57912
5397,57928
5398,57932
5400,57936
5402,57940
5405,57944
5407,57952
5412,57956
5414,57964
5416,57968
5418,57972
5422,57976
5424,57984
5427,57988
5429,57996
5431,58012
5432,58016
5434,58020
5435,58028
5437,58032
5441,58036
5443,58044
5445,58060
5446,58092
5448,58156
5449,58160
5450,58164
5452,58172
5454,58188
5457,58192
5459,58200
5460,58204
5462,58220
5463,58228
5467,58232
5469,58236
5472,58244
5475,58252
5476,58284
5478,58292
5480,58296
5482,58300
5483,58304
5484,58304
5485,58320
5486,58336
5487,58336
5489,58344
5490,58376
5492,58440
5493,58444
5495,58452
5497,58456
5499,58472
5500,58600
5501,58604
5502,58604
5506,58636
5507,58644
5508,58644
5509,58648
5512,58656
5514,58672
5517,58676
5520,58680
5523,58688
5524,58692
5529,58696
5530,58704
5531,58704
5532,58712
5533,58716
5534,58716
5535,58748
5539,58752
5541,58760
5542,58764
5544,58772
5545,58788
5549,58792
5552,58796
5554,58800
5556,58808
5558,58824
5559,58828
5561,58844
5563,58848
5565,58856
5567,58860
5569,58868
5571,58900
5572,58904
5574,58968
5575,58976
5576,58984
5578,59000
5582,59004
5585,59008
5587,59012
5588,59020
5592,59052
5593,59180
5594,59180
5595,59196
5596,59200
5597,59200
5598,59204
5600,59212
5602,59276
5603,59532
5605,59548
5606,59552
5608,59560
5610,59592
5613,59600
5615,59604
5618,59612
5619,59616
5622,59632
5623,59636
5624,59636
5627,59640
5631,59648
5634,59652
5636,59656
5638,59664
5640,59668
5645,59672
5647,59680
5648,59696
5649,59700
5650,59700
5651,59708
5653,59724
5654,59732
5656,59764
5659,59828
5660,59832
5664,59836
5666,59844
5668,59860
5669,59864
5671,59872
5673,59876
5676,59880
5679,59888
5681,59892
5682,59908
5684,60036
5685,60068
5686,60068
5687,60076
5689,60080
5691,60088
5693,60092
5695,60096
5699,60100
5701,60108
5702,60112
5707,60116
5709,60120
5711,60128
5713,60144
5714,60160
5716,60192
5717,60196
5719,60204
5720,60208
5722,60224
5723,60232
5726,60236
5728,60244
5730,60248
5733,60252
5737,60256
5739,60320
5740,60328
5741,60332
5742,60336
5744,60352
5746,60384
5748,60388
5750,60396
5753,60412
5756,60416
5757,60420
5759,60428
5760,60436
5762,60440
5767,60444
5769,60452
5771,60460
5773,60464
5777,60468
5778,60484
5779,60492
5781,60524
5782,60540
5783,60544
5785,60608
5787,60736
5788,60740
5790,60996
5792,61508
5793,61512
5795,62536
5796,62544
5799,62548
5801,62552
5805,62560
5807,62564
5810,62568
5812,64616
5813,64624
5814,64632
5815,64636
5818,64640
5820,64648
5822,64664
5823,64668
5824,64684
5826,64716
5828,64720
5829,64728
5831,64744
5834,64748
5836,64752
5838,64760
5841,64764
5843,64796
5844,64804
5845,64804
5848,64808
5851,64812
5853,64820
5855,64824
5862,64828
5865,64832
5867,64836
5869,64844
5872,64848
5874,64852
5876,64860
5878,64876
5881,64880
5883,64884
5886,64888
5887,64904
5888,64968
5889,64976
5890,64984
5891,64984
5892,64988
5893,64992
5894,64992
5896,65000
5898,65004
5901,65012
5903,65028
5904,65032
5906,65040
5907,65072
5908,65076
5910,65092
5911,65100
5913,65132
5915,65136
5917,65140
5921,65144
5923,65152
5927,65156
5931,65160
5934,65164
5936,65168
5938,65172
5942,65180
5943,65184
5944,65184
5945,65248
5946,65256
5947,65256
5948,65272
5949,65280
5950,65284
5953,65300
5954,65316
5955,65332
5956,65336
5957,65336
5958,65344
5960,65348
5961,65380
5964,65388
5966,65392
5968,65424
5969,65432
5971,65448
5973,65452
5974,65456
5975,65456
5978,65464
5980,65480
5982,65484
5984,65492
5986,65496
5990,65500
5992,65504
5994,65508
5996,65516
5998,65524
6000,65540
6001,65544
6003,65552
6005,65584
6006,65600
6007,65600
6009,65604
6011,65636
6013,65640
6016,65644
6017,65708
6019,65716
6020,65844
6022,65848
6023,65852
6025,65860
6028,65864
6030,65872
6032,65888
6033,65892
6034,65892
6038,65896
6041,65904
6044,65908
6046,65912
6049,65916
6051,65924
6053,65940
6054,65944
6055,65948
6056,65948
6058,65980
6061,65984
6063,65992
6066,65996
6068,66004
6069,66008
6071,66024
6074,66088
6075,66120
6076,66124
6078,66188
6080,66316
6083,66320
6085,66576
6086,66584
6087,66592
6088,66596
6090,66600
6092,66604
6094,66620
6095,66628
6098,66632
6102,66640
6103,66644
6105,66660
6106,66668
6109,66672
6113,66676
6115,66680
6117,66688
6119,66692
6121,66700
6124,66704
6126,66708
6128,66716
6129,66724
6131,66740
6134,66772
6135,66788
6136,66792
6140,66796
6142,66800
6144,66804
6147,66812
6148,66816
6150,66824
6152,66828
6157,66832
6160,66836
6162,66844
6164,66860
6165,66864
6166,66864
6168,66896
6169,66912
6170,66920
6172,66924
6174,66928
6176,66936
6179,66940
6181,66948
6185,66952
6187,66960
6188,66964
6189,66980
6190,66984
6193,67048
6194,67080
6195,67088
6197,67216
6198,67232
6199,67236
6202,67240
6205,67248
6206,67280
6209,67284
6212,67288
6214,67292
6220,67296
6222,67300
6223,67308
6225,67316
6227,67320
6229,67336
6230,67400
6231,67408
6232,67412
6234,67428
6236,67432
6237,67440
6239,67448
6241,67452
6242,67468
6243,67468
6246,67472
6251,67476
6253,67484
6255,67500
6256,67532
6258,67536
6259,67544
6261,67552
6263,67568
6265,67572
6267,67580
6268,67584
6271,67588
6274,67592
6276,67596
6278,67604
6280,67620
6283,67624
6285,67632
6289,67636
6291,67640
6294,67644
6296,67652
6298,67656
6299,67660
6300,67692
6301,67700
6302,67716
6303,67716
6305,67724
6306,67756
6307,67756
6308,67760
6310,67768
6312,67784
6314,67816
6316,67820
6319,67884
6320,67892
6321,67892
6323,67896
6325,67904
6327,68032
6328,68048
6330,68304
6331,68308
6333,68312
6334,68824
6335,68828
6337,68836
6339,68852
6342,68856
6345,68860
6347,68868
6348,68872
6352,68904
6353,68912
6354,68916
6356,68932
6358,68936
6361,69000
6362,69004
6364,69008
6365,69016
6367,69024
6369,69040
6370,69044
6374,69048
6375,69052
6378,69056
6380,69064
6383,69068
6387,69076
6388,69080
6392,69096
6393,69104
6395,69136
6396,69140
6397,69140
6398,69144
6400,69152
6404,69156
6406,69160
6408,69168
6410,69184
6412,69188
6416,69196
6417,69200
6418,69208
6420,69224
6421,69240
6422,69244
6426,69248
6428,69280
6429,69288
6431,69352
6433,69360
6436,69364
6438,69372
6440,69500
6441,69504
6443,69508
6445,69524
6446,69528
6451,69560
6452,69564
6454,69568
6455,69576
6457,69640
6458,69648
6459,69648
6461,69656
6463,69672
6465,69676
6468,69680
6471,69684
6474,69692
6476,69696
6480,69704
6481,69720
6482,69724
6483,69724
6484,69732
6488,69736
6492,69740
6494,69748
6496,69764
6497,69768
6499,69800
6500,69804
6503,69812
6504,69816
6506,69832
6507,69836
6509,69868
6511,69932
6512,69940
6514,70068
6515,70072
6516,70072
6517,70080
6522,70084
6524,70092
6526,70108
6528,70112
6531,70368
6532,70376
6533,70380
6535,70396
6536,70404
6537,70412
6539,70428
6540,70432
6541,70464
6542,70464
6544,70468
6546,70476
6550,70508
6551,70524
6554,70528
6557,70532
6559,70536
6560,70544
6564,70548
6566,70556
6569,70560
6571,70564
6573,70568
6575,70576
6578,70580
6580,70588
6582,70604
6585,70608
6586,70612
6587,70676
6588,70708
6592,70716
6593,70724
6594,70724
6595,70740
6596,70744
6599,70748
6604,70752
6606,70760
6608,70764
6610,70772
6612,70776
6614,70780
6618,70784
6620,70788
6622,70804
6623,70812
6624,70820
6625,70820
6626,70824
6628,70840
6631,70844
6633,70848
6634,70856
6637,70860
6640,70864
6642,70872
6644,70888
6645,70892
6646,70892
6649,70924
6650,70940
6652,70944
6654,70952
6657,70956
6659,70964
6662,70968
6664,70972
6667,70976
6669,70984
6670,70992
6671,70992
6673,71008
6675,71012
6677,71020
6679,71036
6680,71040
6681,71040
6684,71044
6685,71076
6686,71108
6687,71108
6689,71172
6691,71176
6693,71184
6695,71312
6696,71320
6698,71324
6699,71328
6702,71332
6705,71336
6706,71344
6708,71352
6710,71368
6711,71372
6714,71376
6718,71380
6719,71396
6721,71400
6723,71408
6724,71416
6725,71416
6726,71420
6728,71436
6730,71444
6733,71476
6734,71492
6735,71496
6737,71500
6739,71508
6742,71512
6744,71516
6746,71524
6750,71528
6751,71536
6752,71568
6755,71576
6757,71640
6758,71656
6759,71672
6760,71672
6761,71676
6763,71708
6766,71712
6769,71716
6770,71724
6772,71728
6775,71732
6777,71740
6779,71744
6781,71752
6783,71756
6785,71764
6788,71768
6790,71776
6792,71792
6794,71800
6796,71832
6797,71836
6798,71836
6799,71852
6801,71916
6803,71920
6805,72048
6807,72052
6810,72308
6811,72316
6813,72828
6815,72832
6817,72840
6820,72856
6821,73880
6822,73888
6823,73892
6825,73908
6827,73940
6828,73944
6831,73948
6835,73952
6837,73960
6839,73964
6841,73968
6842,73984
6843,73984
6844,74048
6846,74056
6848,74064
6850,74068
6853,74072
6856,74076
6858,74084
6860,74088
6862,74096
6866,74100
6868,74104
6871,74108
6874,74112
6876,74120
6877,74124
6879,74140
6880,74148
6882,74164
6884,74168
6886,74176
6889,74180
6892,74188
6894,74204
6895,74212
6897,74220
6898,74252
6899,74284
6900,74288
6903,74352
6904,74368
6905,74376
6906,74380
6907,74380
6909,74508
6912,74512
6916,74520
6918,74524
6921,74528
6925,74532
6927,74540
6930,74544
6932,74548
6933,74556
6934,74588
6935,74604
6936,74608
6937,74608
6939,74612
6940,74628
6942,74636
6944,74644
6945,74652
6947,74668
6949,74684
6950,74688
6952,74720
6953,74724
6955,74728
6957,74736
6959,74752
6961,74784
6964,74788
6966,74792
6968,74800
6971,74804
6975,74812
6979,74816
6984,74820
6987,74824
6989,74832
6991,74848
6992,74852
6993,74852
6996,74856
6998,74860
7000,74868
7002,74932
7003,74940
7004,74940
7005,75004
7006,75008
7008,75016
7010,75024
7012,75040
7014,75044
7016,75076
7017,75084
7018,75092
7019,75092
7020,75096
7021,75112
7022,75112
7023,75116
7027,75120
7030,75124
7032,75140
7034,75172
7036,75236
7038,75240
7040,75248
7041,75256
7043,75384
7044,75400
7045,75408
7047,75424
7049,75428
7051,75432
7053,75688
7054,75696
7055,75696
7056,75728
7057,75732
7059,75740
7062,75744
7070,75748
7072,75752
7074,75760
7076,75764
7078,75768
7083,75772
7085,75776
7086,75784
7089,75788
7092,75796
7094,75800
7095,75816
7096,75824
7097,75828
7098,75832
7099,75832
7101,75840
7102,75848
7104,75864
7105,75880
7106,75896
7108,75928
7111,75932
7112,75964
7114,75968
7116,75972
7119,75980
7120,75988
7122,75992
7124,76000
7126,76004
7130,76008
7133,76016
7134,76080
7135,76096
7136,76104
7137,76108
7138,76108
7142,76112
7144,76120
7146,76124
7150,76128
7152,76136
7154,76152
7156,76156
7158,76164
7159,76168
7160,76184
7161,76184
7162,76188
7164,76220
7165,76236
7166,76244
7167,76244
7170,76248
7172,76256
7174,76260
7176,76268
7178,76284
7181,76288
7184,76292
7186,76300
7187,76304
7191,76308
7193,76312
7194,76320
7197,76324
7202,76328
7204,76336
7206,76368
7207,76384
7208,76384
7209,76388
7212,76396
7213,76404
7214,76404
7216,76408
7218,76424
7219,76428
7222,76432
7226,76464
7227,76472
7228,76476
7230,76492
7231,76500
7233,76564
7234,76568
7236,76572
7240,76576
7242,76584
7243,76588
7245,76604
7246,76612
7249,76616
7254,76620
7258,76624
7260,76632
7262,76648
7263,76652
7264,76652
7267,76656
7269,76660
7270,76788
7271,76792
7273,76800
7275,76832
7276,76840
7277,76848
7278,76848
7279,76852
7281,76868
7284,76872
7286,76876
7288,76880
7291,76888
7293,76920
7297,76924
7299,76928
7302,76992
7303,77000
7304,77004
7306,77020
7307,77028
7309,77032
7311,77040
7313,77044
7317,77048
7320,77176
7321,77180
7322,77180
7323,77196
7324,77204
7325,77208
7327,77216
7328,77248
7329,77264
7330,77272
7333,77336
7337,77340
7339,77344
7341,77352
7343,77368
7347,77372
7349,77380
7351,77396
7353,77400
7356,77404
7358,77412
7360,77416
7363,77420
7365,77428
7367,77444
7369,77448
7370,77480
7371,77484
7373,77492
7374,77524
7375,77524
7378,77528
7379,77592
7380,77596
7382,77604
7384,77732
7385,77740
7387,77996
7390,78000
7392,78512
7393,78528
7394,78532
7396,78564
7398,78580
7400,78584
7402,78592
7404,78596
7406,78600
7408,78608
7411,78612
7414,78616
7416,78624
7418,78640
7420,78644
7425,78648
7428,78652
7429,78660
7430,78724
7431,78756
7432,78764
7435,78768
7437,78776
7439,78792
7440,78796
7442,78804
7443,78808
7445,78840
7446,78844
7447,78844
7449,78852
7451,78860
7452,78876
7453,78880
7457,78884
7459,78888
7461,78892
7463,78908
7464,78916
7465,78916
7467,78920
7471,78924
7473,78932
7474,78940
7476,78956
7477,78960
7479,78992
7480,79000
7484,79004
7487,79068
7489,79072
7491,79080
7492,79084
7494,79100
7498,79104
7500,79108
7501,79116
7503,79132
7505,79164
7507,79172
7508,79176
7509,79180
7512,79184
7514,79192
7518,79196
7520,79200
7522,79216
7523,79224
7526,79256
7527,79260
7529,79324
7530,79332
7531,79332
7533,79460
7536,79464
7538,79468
7539,79476
7543,79480
7545,79484
7547,79492
7549,79508
7551,79764
7552,79768
7553,79768
7554,79776
7555,79780
7557,79796
7559,79828
7560,79836
7562,79900
7563,79916
7565,80044
7567,80048
7569,80052
7571,80060
7575,80076
7576,80080
7578,80112
7579,80120
7581,80124
7583,80132
7584,80136
7586,80140
7588,80156
7589,80160
7591,80168
7593,80172
7598,80176
7600,80180
7602,80188
7604,80192
7608,80196
7610,80204
7612,80220
7614,80224
7616,80228
7617,80236
7619,80244
7624,80248
7626,80280
7627,80284
7628,80292
7630,80308
7631,80316
7633,80332
7634,80336
7638,80344
7641,80348
7642,80352
7644,80360
7646,80364
7648,80372
7650,80388
7651,80392
7653,80424
7654,80428
7656,80492
7659,80496
7661,80504
7665,80508
7668,80512
7670,80516
7672,80524
7674,80540
7678,80572
7680,80580
7681,80584
7682,80592
7683,80596
7686,80612
7687,80616
7692,80620
7694,80628
7696,80632
7699,80636
7700,80652
7701,80660
7702,80664
7706,80668
7708,80676
7710,80680
7712,80688
7714,80704
7717,80708
7719,80716
7721,80720
7724,80724
7726,80732
7728,80748
7729,80756
7730,80756
7732,80788
7734,80796
7736,80812
7739,80844
7740,80852
7741,80856
7743,80872
7744,80880
7748,80884
7750,80892
7751,80956
7752,80972
7754,80976
7756,80980
7759,80984
7762,80992
7763,80996
7765,81004
7767,81008
7770,81012
7773,81016
7775,81024
7777,81040
7778,81044
7780,81052
7782,81068
7784,81072
7785,81104
7786,81136
7788,81200
7790,81264
7791,81268
7793,81276
7795,81280
7797,81408
7798,81412
7799,81420
7801,81436
7803,81440
7805,81444
7808,81448
7810,81456
7817,81460
7819,81468
7820,81472
7821,81472
7824,81476
7825,81492
7826,81748
7827,81756
7829,81772
7830,81776
7832,81808
7833,81816
7837,81820
7839,81824
7841,81832
7842,81836
7846,81840
7847,81848
7850,81852
7851,81868
7853,81876
7855,81880
7856,81912
7859,81976
7860,81992
7862,81996
7863,82124
7865,82132
7867,82136
7868,82144
7870,82152
7872,82156
7874,82160
7876,82168
7878,82184
7881,82188
7883,82220
7884,82224
7886,82228
7888,82236
7889,82240
7891,82256
7893,82260
7895,82268
7899,82272
7901,82280
7902,82284
7904,82300
7907,82304
7909,82308
7911,82316
7916,82348
7917,82352
7919,82360
7921,82364
7923,82380
7925,82384
7929,82392
7930,82396
7931,82396
7932,82404
7934,82408
7935,82424
7937,82432
7940,82436
7943,82452
7944,82456
7945,82456
7947,82464
7949,82468
7951,82476
7953,82492
7955,82524
7956,82528
7958,82592
7959,82600
7962,82728
7963,82732
7966,82740
7967,82744
7968,82744
7972,82748
7974,82756
7976,82760
7977,82768
7979,82784
7980,82800
7981,82808
7982,82808
7985,82812
7987,82816
7992,82820
7995,82824
7997,82832
7999,82848
8000,82852
8001,82852
8003,82884
8005,82948
8006,82956
8007,82960
8012,82964
8014,82972
8016,82988
8018,83020
8019,83028
8020,83032
8022,83036
8024,83040
8026,83048
8027,83052
8029,83060
8031,83076
8033,83108
8035,83172
8037,83300
8038,83304
8040,83560
8041,83564
8042,83564
8043,83572
8045,84084
8047,85108
8048,85116
8050,85132
8052,85136
8056,85140
8058,85144
8061,85148
8064,85152
8066,85160
8067,85168
8071,85172
8073,85180
8075,85196
8076,85200
8077,85200
8079,85208
8082,85212
8084,85220
8086,85224
8091,85228
8093,85232
8094,85248
8095,85248
8096,87296
8097,87328
8098,87328
8099,87344
8100,87352
8101,87356
8103,87388
8104,87396
8106,87412
8108,87416
8110,87420
8113,87424
8115,87432
8117,87496
8118,87500
8120,87508
8122,87512
8125,87516
8129,87520
8131,87524
8133,87532
8134,87540
8135,87544
8137,87560
8139,87592
8141,87596
8146,87600
8148,87604
8149,87612
8151,87620
8153,87636
8154,87640
8157,87644
8158,87652
8160,87668
8162,87700
8163,87704
8165,87712
8167,87716
8169,87720
8173,87724
8174,87732
8177,87736
8179,87744
8181,87752
8182,87768
8184,87784
8186,87816
8187,87820
8191,87824
8196,87828
8198,87836
8199,87840
8200,87840
8202,87848
8204,87864
8208,87868
8210,87876
8212,87880
8214,87884
8215,87916
8216,87924
8217,87928
8220,87932
8222,87936
8224,87944
8227,87948
8229,87956
8231,87960
8234,87976
8236,88040
8237,88072
8238,88076
8241,88204
8242,88212
8244,88228
8246,88232
8247,88236
8249,88244
8251,88252
8252,88268
8254,88300
8256,88304
8258,88312
8260,88316
8264,88320
8266,88328
8268,88344
8269,88408
8270,88408
8272,88412
8273,88416
8275,88424
8276,88432
8277,88440
8279,88456
8281,88460
8285,88716
8286,88732
8288,89244
8289,89248
8291,89256
8293,89260
8295,89264
8298,89268
8300,89276
8302,89280
8304,89288
8306,89296
8308,89300
8313,89316
8314,89320
8316,89352
8317,89356
8319,89420
8322,89424
8324,89432
8326,89436
8328,89440
8333,89444
8334,89572
8335,89580
8336,89584
8337,89584
8339,89600
8340,89608
8342,89624
8343,89656
8345,89720
8346,89724
8348,89728
8349,89736
8352,89744
8355,89748
8356,89752
8358,89760
8362,89776
8363,89792
8364,89796
8366,89800
8368,89832
8369,89840
8372,89844
8374,89848
8376,89856
8378,89872
8379,89876
8383,89880
8385,89888
8386,89920
8390,89924
8392,89928
8394,89936
8397,89940
8399,90004
8400,90008
8402,90012
8403,90020
8405,90024
8407,90032
8409,90048
8411,90052
8413,90056
8416,90060
8418,90064
8419,90072
8421,90080
8423,90096
8424,90100
8428,90108
8430,90124
8432,90156
8433,90160
8437,90164
8439,90172
8441,90176
8443,90184
8445,90200
8447,90204
8450,90208
8452,90216
8454,90220
8456,90224
8457,90256
8459,90264
8460,90268
8462,90284
8463,90348
8465,90476
8466,90480
8468,90736
8469,90744
8472,90748
8474,90756
8478,90760
8480,90764
8482,90772
8483,90776
8484,90792
8486,90808
8488,90840
8491,90844
8493,90848
8495,90880
8496,90888
8497,90888
8498,90892
8500,90896
8502,90904
8504,90908
8506,90916
8508,90920
8510,90936
8512,90940
8514,90948
8516,90964
8518,90968
8520,90972
8522,90976
8525,90984
8527,90988
8529,90996
8533,91000
8535,91016
8536,91048
8538,91112
8539,91116
8540,91124
8541,91124
8545,91128
8546,91132
8548,91140
8550,91156
8551,91160
8556,91164
8557,91168
8558,91168
8560,91176
8563,91180
8565,91188
8566,91192
8569,91196
8571,91204
8574,91208
8577,91212
8578,91216
8580,91224
8582,91240
8583,91272
8586,91276
8588,91280
8590,91296
8592,91328
8594,91392
8595,91400
8597,91528
8599,91532
8603,91536
8604,91544
8605,91548
8607,91564
8608,91572
8610,91576
8613,91580
8615,91584
8616,91592
8618,91600
8620,91616
8622,91620
8624,91652
8625,91660
8627,91676
8628,91680
8631,91684
8633,91688
8634,91696
8638,91700
8640,91708
8641,91716
8645,91720
8647,91736
8649,91768
8651,91772
8652,91780
8653,91844
8655,91848
8656,91864
8658,91872
8659,91876
8661,92004
8665,92008
8667,92016
8669,92020
8670,92036
8673,92040
8675,92072
8677,92076
8679,92080
8683,92088
8684,92092
8686,92096
8688,92100
8690,92108
8691,92116
8693,92132
8694,92140
8698,92144
8700,92148
8703,92152
8705,92160
8707,92176
8711,92180
8713,92184
8715,92188
8717,92196
8718,92200
8720,92216
8721,92248
8722,92256
8724,92320
8725,92324
8728,92332
8730,92336
8732,92344
8734,92360
8736,92364
8740,92372
8742,92376
8744,92380
8745,92384
8747,92392
8750,92396
8752,92404
8754,92408
8758,92412
8761,92416
8762,92432
8764,92440
8766,92472
8768,92488
8769,92492
8771,92524
8772,92528
8773,92536
8774,92536
8776,92600
8778,92728
8779,92732
8780,92748
8781,92748
8783,93004
8785,93516
8789,93520
8791,93528
8794,93532
8797,93536
8799,93544
8801,93560
8803,93564
8806,93568
8808,93576
8810,93580
8813,93584
8814,94608
8815,94640
8816,94640
8817,94644
8818,94652
8819,94656
8820,94660
8821,94660
8824,94668
8825,94676
8826,94692
8827,94700
8830,94704
8833,94708
8835,94716
8837,94720
8839,94736
8842,94740
8844,94744
8848,94748
8850,94756
8852,94772
8853,94776
8855,94784
8857,94788
8859,94820
8861,94828
8864,94832
8866,94836
8868,94840
8869,94856
8870,94864
8872,94880
8873,94884
8874,94884
8876,94916
8879,94980
8881,94984
8882,94992
8884,94996
8886,95004
8890,95008
8892,95016
8893,95020
8895,95028
8897,95044
8898,95048
8902,95052
8904,95056
8906,95088
8907,95092
8909,95100
8911,95116
8912,95120
8914,95124
8916,95132
8919,95136
8921,95140
8923,95148
8927,95152
8929,95156
8930,95164
8931,95228
8933,95244
8935,95276
8936,95280
8939,95284
8941,95292
8943,95308
8945,95312
8947,95320
8949,95336
8951,95368
8952,95372
8954,95380
8957,95388
8959,95392
8961,95400
8963,95416
8966,95420
8969,95424
8971,95432
8972,95436
8976,95440
8979,95444
8981,95448
8982,95456
8984,95464
8985,95480
8987,95496
8988,95500
8990,95532
8993,95536
8996,95600
8997,95664
8998,95672
8999,95676
9001,95680
9003,95684
9005,95812
9007,95820
9008,96076
9011,96080
9013,96088
9015,96104
9016,96108
9017,96112
9019,96120
9021,96152
9024,96156
9028,96164
9029,96168
9031,96184
9032,96192
9034,96196
9036,96200
9038,96208
9041,96212
9043,96220
9044,96236
9045,96240
9046,96240
9048,96256
9050,96288
9051,96292
9053,96356
9054,96364
9061,96492
9062,96496
9063,96496
9064,96500
9066,96508
9071,96512
9073,96516
9075,96524
9076,96528
9078,96544
9079,96552
9081,96584
9083,96588
9085,96596
9088,96600
9090,96608
9091,96612
9093,96628
9094,96636
9096,96652
9097,96660
9099,96692
9101,96696
9103,96700
9106,96704
9108,96712
9110,96728
9111,96732
9112,96732
9114,96736
9118,96740
9120,96748
9122,96752
9124,96756
9125,96764
9127,96828
9128,96844
9129,96852
9131,96856
9135,96888
9136,96904
9140,96908
9142,96912
9143,96916
9145,96920
9147,96928
9149,96936
9151,96940
9153,96948
9155,96964
9158,96968
9160,96972
9162,96976
9164,96984
9166,97000
9168,97004
9171,97008
9173,97016
9175,97020
9177,97052
9178,97060
9180,97076
9181,97080
9182,97080
9184,97084
9187,97116
9188,97124
9190,97188
9191,97192
9193,97320
9194,97336
9197,97340
9200,97348
9201,97356
9203,97360
9205,97364
9207,97372
9209,97388
9211,97392
9214,97396
9216,97404
9217,97412
9219,97428
9221,97460
9223,97524
9224,97528
9226,97656
9228,97660
9230,97664
9231,97672
9233,97928
9236,97944
9237,97948
9238,97948
9239,97952
9241,97960
9244,97964
9246,97968
9249,97976
9251,97992
9252,98000
9254,98004
9256,98036
9258,98044
9260,98048
9263,98052
9267,98056
9270,98060
9272,98064
9273,98072
9275,98080
9276,98096
9277,98100
9278,98100
9280,98116
9282,98120
9286,98152
9287,98160
9289,98224
9290,98228
9292,98236
9293,98240
9295,98248
9298,98252
9300,98268
9301,98272
9304,98276
9306,98284
9308,98300
9310,98304
9313,98312
9315,98316
9317,98320
9320,98328
9322,98344
9323,98348
9327,98380
9328,98384
9329,98384
9330,98392
9334,98396
9336,98400
9338,98408
9340,98412
9343,98420
9344,98424
9346,98428
9349,98444
9350,98452
9352,98456
9354,98464
9356,98496
9357,98512
9359,98576
9360,98580
9363,98708
9365,98712
9367,98716
9369,98724
9371,98732
9372,98748
9373,98748
9375,98780
9377,98784
9379,98788
9381,98792
9384,98800
9386,98804
9390,98808
9392,98816
9393,98820
9395,98828
9397,98844
9399,98860
9400,98864
9402,98868
9406,98872
9408,98904
9410,98908
9412,98916
9413,98924
9414,98928
9418,98932
9420,98940
9421,98944
9423,98960
9424,98968
9426,98972
9429,98976
9431,98984
9434,98988
9438,99004
9439,99008
9441,99040
9442,99044
9444,99052
9446,99056
9448,99120
9449,99128
9450,99132
9452,99148
9455,99152
9458,99160
9459,99164
9462,99172
9464,99176
9466,99180
9469,99188
9471,99204
9473,99208
9474,99216
9476,99232
9477,99264
9479,99272
9480,99276
9485,99280
9487,99288
9488,99292
9490,99308
9493,99372
9494,99404
9495,99408
9497,99412
9499,99416
9501,99424
9503,99440
9505,99444
9507,99452
9509,99456
9513,99460
9515,99468
9517,99484
9519,99488
9522,99520
9523,99528
9524,99528
9526,99532
9529,99536
9531,99544
9532,99548
9534,99556
9536,99572
9537,99580
9540,99584
9542,99592
9545,99596
9547,99600
9551,99604
9553,99608
9554,99624
9555,99632
9556,99636
9558,99668
9560,99732
9562,99860
9564,100116
9565,100120
9567,100124
9568,100132
9570,100140
9572,100156
9573,100160
9576,100164
9578,100168
9581,100172
9583,100180
9585,100196
9587,100200
9591,100208
9595,100720
9597,100724
9599,100728
9601,100736
9602,100744
9603,100744
9604,100776
9605,100780
9606,100788
9608,100796
9610,100812
9612,100816
9615,100820
9617,100828
9619,100844
9623,100848
9626,100864
9627,100868
9628,100868
9629,100900
9630,100908
9631,100912
9633,100976
9634,100980
9636,101108
9637,101116
9639,101120
9640,101136
9643,101140
9645,101148
9646,101180
9649,101184
9652,101192
9654,101196
9656,101212
9657,101216
9659,101224
9661,101240
9669,101244
9670,101276
9671,101276
9673,101284
9675,101288
9678,101292
9680,101296
9682,101304
9684,101308
